Industry,Total mentions
Internet Publishing and Manufacturing,13
Marketing and Advertising,60
Computer Software,305
Internet Publishing,156
IT Services and IT Consulting,331
Financial Services,209
Management Consulting,38
Computer Hardware Manufacturing,21
Food and Beverage Services,9
Chemicals,6
Food and Beverage Manufacturing,5
Computer Networking Products,11
Accounting,18
Consumer Services,4
E-Learning Providers,6
Banking and Financial Services,4
Hospitals and Health Care,24
Appliances,17
Electrical,17
Electronics Manufacturing,17
Aviation and Aerospace Component Manufacturing,5
Motor Vehicle Manufacturing,14
Banking,53
Investment Banking,26
IT Services and IT Consulting and Information Services,1
Insurance,5
Staffing and Recruiting,33
Retail,17
Market Research,4
Broadcast Media Production and Distribution and Entertainment,1
Information Services,6
Entertainment,7
Research Services,5
Renewable Energy Semiconductor Manufacturing,4
Oil and Gas,8
Online Media,12
Market Research and Management Consulting,3
Leasing Non-residential Real Estate,1
Leasing Real Estate,3
Construction,4
Manufacturing,12
Human Resources,9
IT Services and IT Consulting and Farming,1
IT Services and IT Consulting and Internet Publishing,1
Medical Equipment,3
Apparel and Fashion,2
Pharmaceutical Manufacturing,14
Food and Beverage Services and Food and Beverage Manufacturing,1
Education Administration Programs,9
Wellness and Fitness Services,5
Computer and Network Security,6
Design and Leasing Real Estate,1
Investment Management,2
Outsourcing and Offshoring Consulting,4
Computer Software and Internet Publishing,1
Information Services and Internet Publishing,4
Personal Care Product Manufacturing,1
Government Relations and Government Administration,1
Truck Transportation,3
Publishing,4
Telecommunications,4
Design,5
Computer Games,6
Non-profit Organizations,8
Industrial Machinery,4
Transportation,4
Logistics and Storage,4
Travel Arrangements,2
Hospitality,2
Gambling Facilities and Casinos,1
IT Services and IT Consulting and Computer Software,5
Capital Markets,2
Venture Capital and Private Equity Principals,1
Industrial Automation Machinery,2
Computer Software and Higher Education,1
Biotechnology Research,1
Government Relations,1
Computers and Electronics,1
Higher Education,2
Public Relations and Communications,1
Events Services,1
Mobile Gaming Apps,1
Spectator Sports,1
IT Services and IT Consulting and Computer and Network Security,1
Primary and Secondary Education,1
Environmental Services,1
Farming,1
IT Services and IT Consulting and Financial Services,1
Writing and Editing,1
Machinery Manufacturing,1
Semiconductor Manufacturing,2
Marketing and Advertising and Online Media,1
Mining,1
Facilities Services,1
Financial Services and Investment Management,2
Medical Practices,1
Online Media and Publishing,1
